{"stats":{"minecraft:killed_by":{"minecraft:creeper":1,"minecraft:player":1},"minecraft:dropped":{"minecraft:wither_skeleton_spawn_egg":2,"minecraft:flint":1},"minecraft:picked_up":{"minecraft:crafting_table":1,"minecraft:rotten_flesh":2,"minecraft:potion":1,"minecraft:sand":4,"minecraft:pointed_dripstone":64,"minecraft:prismarine_crystals":2},"minecraft:used":{"minecraft:firework_rocket":217,"minecraft:bow":5,"minecraft:mace":1,"minecraft:flint_and_steel":18,"minecraft:tnt":8,"minecraft:crafting_table":1,"minecraft:chainmail_boots":1,"minecraft:spruce_wood":8,"minecraft:redstone_block":110,"minecraft:golden_axe":1,"minecraft:obsidian":261},"minecraft:mined":{"minecraft:crafting_table":1},"minecraft:custom":{"minecraft:time_since_rest":71695,"minecraft:open_chest":7,"minecraft:crouch_one_cm":1036,"minecraft:play_time":99732,"minecraft:sprint_one_cm":93807,"minecraft:damage_taken":566,"minecraft:deaths":2,"minecraft:walk_one_cm":116007,"minecraft:sneak_time":2511,"minecraft:walk_under_water_one_cm":98557,"minecraft:drop":2,"minecraft:jump":458,"minecraft:damage_dealt":75,"minecraft:leave_game":9,"minecraft:time_since_death":71656,"minecraft:walk_on_water_one_cm":6241,"minecraft:climb_one_cm":6,"minecraft:total_world_time":99732,"minecraft:swim_one_cm":3922,"minecraft:interact_with_crafting_table":1,"minecraft:fall_one_cm":5905,"minecraft:fly_one_cm":671794}},"DataVersion":3955}