{"stats":{"minecraft:custom":{"minecraft:jump":44,"minecraft:time_since_rest":9124,"minecraft:damage_dealt":15,"minecraft:damage_taken":466,"minecraft:leave_game":2,"minecraft:time_since_death":9092,"minecraft:play_time":9802,"minecraft:sprint_one_cm":5891,"minecraft:walk_one_cm":20275,"minecraft:walk_on_water_one_cm":388,"minecraft:deaths":1,"minecraft:sneak_time":66,"minecraft:total_world_time":9802,"minecraft:fall_one_cm":1248,"minecraft:fly_one_cm":5221},"minecraft:killed_by":{"minecraft:player":1}},"DataVersion":3955}