{"stats":{"minecraft:dropped":{"minecraft:netherite_pickaxe":1,"minecraft:birch_planks":192,"minecraft:diamond_axe":1,"minecraft:soul_torch":64,"elevatorid:elevator_white":4,"minecraft:pointed_dripstone":128,"minecraft:apple":65,"paladins:holy_staff":1,"minecraft:sea_lantern":64,"minecraft:dark_oak_leaves":64,"minecraft:spruce_planks":192,"minecraft:quartz_block":192,"minecraft:cherry_leaves":64,"minecraft:flowering_azalea_leaves":64,"minecraft:smooth_sandstone":256,"minecraft:dark_oak_planks":64,"minecraft:quartz":256,"minecraft:bamboo_planks":128},"minecraft:picked_up":{"minecraft:birch_log":4,"minecraft:crafting_table":2,"minecraft:feather":1,"eternal_starlight:music_disc_sacred_desert":1,"minecraft:chicken":1,"betterend:music_disc_strange_and_alien":1,"minecraft:leather":2,"minecraft:birch_planks":4,"minecraft:oak_log":7,"archers:crystal_longbow":1,"minecraft:smooth_sandstone":64,"eternal_starlight:music_disc_whisper_of_the_stars":2,"minecraft:beef":4,"minecraft:enchanted_golden_apple":60,"minecraft:birch_sapling":2,"minecraft:stick":4,"minecraft:porkchop":3,"minecraft:sand":128,"betterend:music_disc_eo_dracona":2,"betterend:music_disc_endseeker":2,"paladins:crusader_armor_legs":1,"minecraft:stone_axe":1,"minecraft:oak_sapling":3,"minecraft:mutton":2,"minecraft:cobblestone":4,"minecraft:white_wool":1},"minecraft:killed":{"minecraft:pig":6,"minecraft:phantom":1,"minecraft:sheep":1,"minecraft:zombie":1,"minecraft:chicken":1,"minecraft:cow":2},"minecraft:used":{"aether:lightning_knife":5,"paladins:ruby_claymore":2,"aether:gravitite_sword":12,"minecraft:flint_and_steel":2,"aether:candy_cane_sword":2,"minecraft:wooden_pickaxe":4,"minecraft:redstone_block":102,"aether:hammer_of_kingbdogz":26,"elevatorid:elevator_white":3,"minecraft:sand":3,"minecraft:crafting_table":2,"refurbished_furniture:red_grill":1,"paladins:holy_staff":1,"minecraft:painting":4,"minecraft:obsidian":57,"minecraft:wooden_axe":13,"minecraft:lava_bucket":2,"minecraft:crying_obsidian":21,"minecraft:grass_block":211,"paladins:iron_claymore":3,"minecraft:jukebox":4},"minecraft:mined":{"minecraft:crafting_table":2,"minecraft:birch_log":6,"minecraft:birch_leaves":1,"minecraft:oak_log":7,"minecraft:stone":4},"minecraft:custom":{"minecraft:mob_kills":12,"minecraft:play_record":8,"minecraft:interact_with_crafting_table":2,"minecraft:leave_game":18,"minecraft:time_since_death":272572,"minecraft:climb_one_cm":25,"minecraft:time_since_rest":272572,"minecraft:sprint_one_cm":133680,"minecraft:damage_taken":120,"minecraft:walk_one_cm":509342,"minecraft:drop":45,"minecraft:damage_dealt":2142,"minecraft:swim_one_cm":5959,"minecraft:talked_to_villager":1,"minecraft:fly_one_cm":1107867,"minecraft:open_chest":2,"minecraft:crouch_one_cm":3872,"minecraft:play_time":272572,"minecraft:sneak_time":3051,"minecraft:walk_under_water_one_cm":25150,"minecraft:jump":697,"minecraft:walk_on_water_one_cm":19755,"minecraft:total_world_time":272572,"minecraft:fall_one_cm":4071},"minecraft:crafted":{"minecraft:oak_planks":20,"minecraft:crafting_table":1,"minecraft:wooden_pickaxe":1,"minecraft:stick":4,"minecraft:wooden_axe":1}},"DataVersion":3955}