{"stats":{"minecraft:killed_by":{"minecraft:player":2,"minecraft:creeper":2,"minecraft:warden":2,"minecraft:skeleton":1,"minecraft:zombie":1},"minecraft:dropped":{"minecraft:moss_block":2,"minecraft:birch_planks":15,"minecraft:wheat_seeds":2,"minecraft:glow_ink_sac":1,"minecraft:diamond":4,"elevatorid:elevator_white":2,"travelersbackpack:chicken":1,"minecraft:copper_ingot":1,"minecraft:tropical_fish":2,"minecraft:stick":4,"minecraft:dirt":18,"minecraft:sand":1,"minecraft:phantom_membrane":1,"minecraft:iron_shovel":1,"minecraft:string":2,"minecraft:bucket":1,"minecraft:stone_axe":1,"minecraft:moss_carpet":2,"minecraft:kelp":44,"minecraft:cobbled_deepslate":5,"minecraft:birch_sapling":28,"minecraft:rotten_flesh":6,"universal_graves:grave_compass":2,"minecraft:clay_ball":48,"minecraft:spruce_planks":1,"minecraft:charcoal":1,"minecraft:andesite":1,"minecraft:azalea":1,"minecraft:spider_eye":2,"minecraft:spruce_slab":1,"minecraft:wooden_pickaxe":3,"minecraft:sandstone":1,"minecraft:stone_pickaxe":1,"minecraft:bow":1,"minecraft:glass":46,"minecraft:netherrack":1},"minecraft:picked_up":{"minecraft:charcoal":46,"minecraft:crafting_table":4,"minecraft:clay_ball":48,"minecraft:wooden_pickaxe":2,"paladins:holy_staff":1,"minecraft:string":3,"minecraft:moss_carpet":7,"minecraft:iron_shovel":1,"minecraft:oak_sign":32,"minecraft:cobbled_deepslate":12,"travelersbackpack:enderman":1,"minecraft:spruce_planks":1,"minecraft:azalea":1,"minecraft:spruce_slab":1,"minecraft:sugar_cane":5,"minecraft:birch_sapling":28,"minecraft:phantom_membrane":1,"minecraft:furnace":2,"minecraft:egg":1,"minecraft:stick":19,"minecraft:raw_iron":89,"minecraft:sandstone":1,"minecraft:copper_ingot":2,"minecraft:big_dripleaf":2,"minecraft:torch":6,"minecraft:porkchop":2,"aether:lightning_sword":1,"minecraft:pointed_dripstone":64,"minecraft:diorite":8,"minecraft:carrot":55,"wizards:netherite_frost_robe_head":1,"minecraft:arrow":5,"minecraft:rotten_flesh":27,"minecraft:tropical_fish":2,"travelersbackpack:chicken":1,"minecraft:bone_block":6,"minecraft:glow_berries":36,"minecraft:obsidian":6,"minecraft:mutton":4,"minecraft:iron_bars":2,"minecraft:cod":5,"minecraft:white_wool":19,"minecraft:cobblestone":237,"minecraft:birch_log":207,"minecraft:feather":3,"minecraft:cooked_beef":3,"minecraft:glow_ink_sac":68,"minecraft:andesite":25,"minecraft:leather":2,"minecraft:birch_planks":1,"minecraft:flint":1,"minecraft:oak_log":3,"minecraft:yellow_bed":1,"minecraft:cobblestone_stairs":1,"minecraft:lapis_lazuli":7,"minecraft:dirt":75,"minecraft:cooked_mutton":2,"minecraft:bone":11,"minecraft:apple":14,"minecraft:stone_bricks":3,"minecraft:kelp":88,"minecraft:bow":1,"minecraft:wheat_seeds":2,"minecraft:raw_gold":2,"minecraft:iron_ingot":1,"duckling:cooked_duck":2,"minecraft:moss_block":10,"elevatorid:elevator_white":3,"hangglider:reinforced_hang_glider":1,"jewelry:topaz":3,"rogues:diamond_glaive":1,"minecraft:gravel":4,"minecraft:birch_stairs":1,"minecraft:sand":68,"minecraft:soul_torch":1,"minecraft:spruce_log":6,"minecraft:spider_eye":2,"minecraft:diamond":21,"minecraft:stone_axe":1,"minecraft:soul_lantern":1,"minecraft:crossbow":1,"minecraft:granite":22,"minecraft:bone_meal":2,"minecraft:gray_wool":1,"minecraft:netherrack":1,"minecraft:coal":20,"minecraft:ender_pearl":1},"minecraft:killed":{"minecraft:spider":3,"minecraft:cod":5,"minecraft:phantom":2,"minecraft:skeleton":7,"minecraft:drowned":1,"betternether:naga":2,"duckling:duck":1,"minecraft:pillager":2,"minecraft:zombie":21,"minecraft:glow_squid":1,"minecraft:enderman":1,"minecraft:cow":1},"minecraft:broken":{"minecraft:stone_axe":1,"minecraft:iron_pickaxe":1,"minecraft:stone_shovel":1},"minecraft:used":{"minecraft:moss_block":8,"minecraft:moss_carpet":5,"minecraft:enchanting_table":1,"minecraft:flint_and_steel":6,"minecraft:stone_shovel":131,"wizards:netherite_frost_robe_head":1,"minecraft:oak_sign":4,"duckling:cooked_duck":2,"minecraft:shield":26,"minecraft:iron_sword":75,"minecraft:stone_hoe":21,"minecraft:rotten_flesh":16,"minecraft:torch":61,"minecraft:dirt":39,"minecraft:carrot":55,"minecraft:obsidian":12,"minecraft:axolotl_bucket":9,"minecraft:granite":22,"minecraft:milk_bucket":1,"minecraft:big_dripleaf":2,"minecraft:birch_door":3,"minecraft:glass":2,"minecraft:lava_bucket":20,"paladins:golden_mace":27,"minecraft:iron_boots":1,"minecraft:stone_bricks":3,"aether:lightning_sword":3,"rogues:diamond_glaive":34,"minecraft:furnace":7,"minecraft:cooked_cod":1,"paladins:golden_kite_shield":5,"minecraft:egg":1,"minecraft:cooked_beef":3,"travelersbackpack:enderman":9,"minecraft:cobbled_deepslate":7,"minecraft:pointed_dripstone":2,"minecraft:iron_leggings":1,"minecraft:cooked_mutton":3,"minecraft:water_bucket":19,"minecraft:diorite":8,"minecraft:cobblestone_stairs":5,"minecraft:birch_planks":31,"minecraft:stone_pickaxe":96,"minecraft:glow_ink_sac":7,"minecraft:wooden_pickaxe":56,"minecraft:spruce_sign":3,"minecraft:cauldron":2,"minecraft:sugar_cane":5,"minecraft:white_wool":2,"elevatorid:elevator_white":3,"minecraft:glow_berries":36,"minecraft:sand":11,"minecraft:crafting_table":9,"minecraft:diamond_pickaxe":48,"minecraft:apple":14,"minecraft:dark_oak_log":1,"minecraft:iron_pickaxe":286,"minecraft:string":1,"minecraft:bread":15,"minecraft:gravel":3,"minecraft:soul_lantern":1,"minecraft:stone_axe":231,"minecraft:fishing_rod":6,"minecraft:cobblestone":179,"minecraft:porkchop":2,"minecraft:andesite":24,"minecraft:bucket":50,"minecraft:bone_meal":21,"minecraft:soul_torch":1},"minecraft:mined":{"minecraft:mossy_cobblestone":1,"minecraft:deepslate_diamond_ore":18,"minecraft:cobblestone_stairs":1,"minecraft:obsidian":6,"minecraft:cave_vines_plant":1,"minecraft:granite":20,"minecraft:grass_block":46,"minecraft:moss_block":3,"minecraft:kelp":11,"minecraft:sandstone":1,"betternether:moss_cover":1,"minecraft:sculk_catalyst":1,"minecraft:furnace":3,"minecraft:carrots":16,"minecraft:iron_ore":21,"minecraft:fire":7,"minecraft:andesite":25,"minecraft:moss_carpet":1,"minecraft:cave_vines":3,"minecraft:deepslate_iron_ore":68,"minecraft:iron_bars":2,"minecraft:azalea":1,"minecraft:stone":212,"minecraft:bone_block":6,"minecraft:white_wool":2,"minecraft:kelp_plant":6,"minecraft:smooth_sandstone":1,"minecraft:crafting_table":5,"minecraft:torch":3,"minecraft:short_grass":4,"minecraft:tall_grass":1,"minecraft:cobblestone":16,"minecraft:deepslate_gold_ore":1,"minecraft:lapis_ore":2,"minecraft:sugar_cane":3,"minecraft:diorite":8,"minecraft:birch_planks":3,"minecraft:warped_nylium":1,"jewelry:deepslate_gem_vein":3,"minecraft:birch_log":187,"betternether:neon_equisetum":1,"minecraft:spruce_log":7,"minecraft:birch_leaves":2,"minecraft:yellow_bed":2,"minecraft:stone_brick_stairs":3,"minecraft:oak_log":3,"minecraft:coal_ore":17,"minecraft:gravel":5,"minecraft:dirt":38,"minecraft:sand":72,"minecraft:stone_bricks":3,"minecraft:gold_ore":1,"minecraft:oak_leaves":1,"minecraft:deepslate":11},"minecraft:custom":{"minecraft:mob_kills":50,"minecraft:interact_with_crafting_table":40,"minecraft:open_barrel":7,"minecraft:leave_game":5,"minecraft:time_since_death":88894,"minecraft:climb_one_cm":4626,"minecraft:sprint_one_cm":646209,"minecraft:walk_one_cm":741305,"minecraft:damage_blocked_by_shield":870,"minecraft:drop":60,"minecraft:talked_to_villager":1,"minecraft:play_time":245946,"minecraft:sneak_time":7872,"minecraft:deaths":13,"minecraft:walk_under_water_one_cm":54183,"minecraft:jump":4463,"minecraft:walk_on_water_one_cm":97121,"minecraft:total_world_time":245946,"minecraft:interact_with_furnace":54,"minecraft:time_since_rest":88924,"minecraft:damage_taken":6058,"minecraft:damage_dealt":8492,"minecraft:swim_one_cm":268705,"minecraft:fly_one_cm":744800,"minecraft:open_chest":19,"minecraft:crouch_one_cm":29033,"minecraft:fish_caught":1,"minecraft:fall_one_cm":118532,"minecraft:use_cauldron":4},"minecraft:crafted":{"minecraft:oak_planks":4,"minecraft:stone_shovel":1,"minecraft:furnace":5,"minecraft:cobblestone_stairs":4,"minecraft:bone_meal":21,"minecraft:cooked_mutton":1,"minecraft:flint_and_steel":1,"minecraft:glass":48,"minecraft:iron_boots":1,"minecraft:stone_pickaxe":1,"minecraft:birch_door":6,"minecraft:dark_oak_planks":12,"minecraft:stone_hoe":1,"minecraft:cooked_cod":1,"minecraft:cauldron":2,"minecraft:spruce_sign":3,"minecraft:crafting_table":5,"minecraft:spruce_planks":8,"minecraft:enchanting_table":1,"minecraft:wooden_pickaxe":1,"minecraft:iron_helmet":1,"minecraft:iron_sword":1,"minecraft:bucket":3,"minecraft:birch_planks":108,"minecraft:stone_axe":2,"minecraft:air":0,"minecraft:iron_chestplate":1,"minecraft:diamond_pickaxe":1,"minecraft:charcoal":26,"minecraft:shield":1,"minecraft:stick":28,"minecraft:iron_ingot":74,"minecraft:iron_pickaxe":1,"minecraft:iron_leggings":1,"minecraft:torch":64,"minecraft:shears":1}},"DataVersion":3955}