{"stats":{"minecraft:killed_by":{"minecraft:drowned":1},"minecraft:dropped":{"minecraft:birch_planks":3,"minecraft:glow_ink_sac":64,"minecraft:crafting_table":1,"rogues:aether_double_axe":1,"hangglider:reinforced_hang_glider":1,"minecraft:warden_spawn_egg":1,"minecraft:feather":6,"minecraft:cobblestone":9,"minecraft:prismarine_crystals":2,"minecraft:apple":14,"minecraft:coal":2,"minecraft:stick":65,"minecraft:dirt":13,"minecraft:mutton":4,"minecraft:phantom_membrane":1,"minecraft:sand":184,"minecraft:string":2,"minecraft:smooth_sandstone":23,"minecraft:birch_log":2,"minecraft:white_wool":1,"minecraft:birch_stairs":12,"minecraft:spruce_sapling":13,"minecraft:bamboo_planks":128,"minecraft:bone":1,"minecraft:dark_oak_door":2,"minecraft:stone_axe":2,"minecraft:birch_sapling":21,"minecraft:soul_lantern":1,"minecraft:rotten_flesh":9,"minecraft:oak_planks":11,"minecraft:enchanted_golden_apple":60,"minecraft:cooked_mutton":1,"minecraft:oak_sign":32,"paladins:holy_staff":1,"minecraft:stone":2,"wizards:netherite_frost_robe_head":1,"minecraft:gunpowder":1,"minecraft:birch_trapdoor":1,"minecraft:spruce_planks":1,"minecraft:charcoal":1,"minecraft:quartz_block":192,"rogues:diamond_glaive":1,"aether:lightning_sword":1,"minecraft:wooden_pickaxe":1,"minecraft:stone_pickaxe":1,"archers:crystal_longbow":1,"minecraft:glass":2,"minecraft:quartz":256},"minecraft:picked_up":{"minecraft:charcoal":1,"minecraft:crafting_table":6,"minecraft:coarse_dirt":1,"minecraft:chicken":4,"minecraft:stone_slab":13,"minecraft:wooden_pickaxe":1,"paladins:holy_staff":1,"minecraft:blue_concrete":1,"minecraft:string":3,"minecraft:iron_shovel":2,"minecraft:birch_fence":7,"minecraft:bucket":1,"minecraft:dark_oak_leaves":64,"minecraft:spruce_planks":246,"minecraft:spruce_slab":11,"minecraft:chest":2,"minecraft:birch_sapling":27,"minecraft:phantom_membrane":1,"minecraft:dark_oak_door":1,"minecraft:stick":24,"minecraft:sandstone":25,"minecraft:jukebox":1,"minecraft:birch_trapdoor":7,"minecraft:torch":17,"minecraft:spruce_stairs":1,"minecraft:flowering_azalea_leaves":64,"minecraft:warden_spawn_egg":1,"minecraft:netherite_pickaxe":1,"minecraft:prismarine_crystals":5,"minecraft:dark_oak_planks":64,"minecraft:tnt":1,"minecraft:quartz_block":192,"minecraft:blue_concrete_powder":3,"minecraft:rotten_flesh":11,"travelersbackpack:chicken":1,"minecraft:mutton":5,"wizards:staff_fire":1,"minecraft:white_wool":4,"minecraft:cobblestone":58,"minecraft:birch_log":66,"minecraft:feather":6,"minecraft:cherry_leaves":64,"minecraft:birch_planks":235,"minecraft:oak_log":17,"minecraft:gunpowder":1,"minecraft:dirt":18,"minecraft:bone":1,"minecraft:smooth_sandstone":201,"minecraft:glass":46,"minecraft:apple":65,"minecraft:oak_planks":17,"elevatorid:elevator_white":3,"minecraft:sculk_catalyst":1,"minecraft:bamboo_planks":128,"minecraft:quartz":256,"minecraft:birch_stairs":25,"minecraft:sand":367,"minecraft:soul_torch":72,"minecraft:spruce_sapling":25,"minecraft:white_bed":1,"minecraft:spruce_log":83,"minecraft:sea_lantern":64,"minecraft:wither_skeleton_spawn_egg":2,"minecraft:soul_lantern":1,"minecraft:diamond":1,"minecraft:stone_axe":1,"minecraft:granite":1,"minecraft:diamond_axe":1,"minecraft:painting":49,"minecraft:coal":13},"minecraft:killed":{"minecraft:spider":2,"minecraft:skeleton":1,"minecraft:chicken":4,"minecraft:zombie_villager":2,"minecraft:creeper":1,"minecraft:sheep":4,"minecraft:zombie":13,"minecraft:player":4},"minecraft:broken":{"minecraft:stone_shovel":1},"minecraft:used":{"minecraft:diorite_stairs":24,"archers:crystal_longbow":1,"minecraft:spruce_slab":53,"minecraft:stone_shovel":131,"wizards:netherite_frost_robe_head":1,"minecraft:chest":7,"minecraft:spruce_planks":453,"minecraft:wither_skeleton_spawn_egg":1,"minecraft:cooked_chicken":4,"minecraft:rotten_flesh":2,"minecraft:torch":15,"minecraft:dirt":5,"minecraft:spruce_stairs":57,"minecraft:blue_concrete":17,"minecraft:granite":1,"minecraft:warden_spawn_egg":1,"minecraft:glass":2,"wizards:netherite_frost_robe_legs":1,"minecraft:sea_lantern":18,"minecraft:birch_sapling":6,"minecraft:smooth_sandstone":70,"minecraft:dark_oak_leaves":4,"minecraft:cherry_leaves":13,"aether:lightning_sword":40,"rogues:diamond_glaive":2,"minecraft:birch_trapdoor":16,"minecraft:warped_stairs":175,"minecraft:cooked_cod":1,"minecraft:acacia_fence":10,"minecraft:netherite_pickaxe":11,"minecraft:enchanted_golden_apple":4,"minecraft:cooked_mutton":3,"minecraft:water_bucket":59,"minecraft:birch_planks":72,"minecraft:stone_pickaxe":87,"minecraft:oak_planks":18,"minecraft:polished_diorite_slab":13,"minecraft:wooden_pickaxe":30,"minecraft:sandstone":11,"paladins:diamond_claymore":65,"minecraft:blue_concrete_powder":11,"minecraft:diamond_axe":123,"elevatorid:elevator_white":1,"minecraft:sand":187,"wizards:netherite_frost_robe_feet":1,"minecraft:crafting_table":6,"minecraft:white_bed":2,"wizards:netherite_frost_robe_chest":1,"minecraft:painting":49,"minecraft:warped_planks":25,"minecraft:spruce_log":13,"minecraft:dark_oak_door":2,"minecraft:birch_fence":52,"minecraft:oak_log":14,"minecraft:polished_tuff_slab":20,"minecraft:apple":44,"minecraft:diamond_shovel":152,"minecraft:birch_fence_gate":2,"minecraft:stone_slab":157,"minecraft:spruce_sapling":12,"minecraft:flowering_azalea_leaves":10,"minecraft:soul_lantern":10,"minecraft:stone_axe":260,"rogues:aether_double_axe":1,"minecraft:crimson_stairs":7,"minecraft:bucket":47,"minecraft:glass_pane":95,"minecraft:coarse_dirt":1,"minecraft:jukebox":1,"minecraft:sculk_catalyst":1,"minecraft:birch_stairs":153,"minecraft:soul_torch":11},"minecraft:mined":{"minecraft:spruce_planks":56,"minecraft:white_bed":1,"minecraft:sea_lantern":2,"minecraft:granite":1,"minecraft:grass_block":1,"minecraft:blue_concrete":1,"minecraft:spruce_leaves":11,"minecraft:sandstone":26,"minecraft:spruce_sapling":1,"minecraft:stone":57,"minecraft:spruce_slab":12,"minecraft:birch_stairs":31,"minecraft:soul_wall_torch":1,"minecraft:glass_pane":36,"minecraft:blue_concrete_powder":3,"minecraft:smooth_sandstone":8,"minecraft:crafting_table":5,"minecraft:torch":12,"minecraft:chest":2,"minecraft:stone_slab":15,"minecraft:glass":2,"minecraft:oak_planks":18,"minecraft:wall_torch":3,"minecraft:spruce_stairs":2,"minecraft:birch_planks":32,"minecraft:coarse_dirt":1,"minecraft:birch_log":62,"minecraft:birch_trapdoor":9,"minecraft:spruce_log":87,"minecraft:jukebox":1,"minecraft:tnt":1,"minecraft:oak_log":16,"minecraft:coal_ore":13,"minecraft:cherry_leaves":5,"minecraft:sand":376,"minecraft:dirt":8,"minecraft:oak_leaves":6,"minecraft:birch_fence":7},"minecraft:custom":{"minecraft:mob_kills":28,"minecraft:interact_with_crafting_table":30,"minecraft:leave_game":6,"minecraft:time_since_death":159702,"minecraft:damage_resisted":54,"minecraft:sprint_one_cm":599039,"minecraft:walk_one_cm":777734,"minecraft:drop":143,"minecraft:play_time":255252,"minecraft:deaths":3,"minecraft:sneak_time":12155,"minecraft:walk_under_water_one_cm":28678,"minecraft:jump":1324,"minecraft:walk_on_water_one_cm":32334,"minecraft:total_world_time":255252,"minecraft:interact_with_furnace":18,"minecraft:sleep_in_bed":1,"minecraft:time_since_rest":159725,"minecraft:damage_taken":2583,"minecraft:damage_absorbed":126,"minecraft:damage_dealt":7764,"minecraft:swim_one_cm":26298,"minecraft:fly_one_cm":343240,"minecraft:player_kills":4,"minecraft:open_chest":31,"minecraft:crouch_one_cm":41739,"minecraft:fall_one_cm":38842},"minecraft:crafted":{"minecraft:oak_planks":12,"minecraft:stone_shovel":1,"minecraft:cooked_chicken":4,"minecraft:stone":20,"minecraft:diamond_shovel":1,"minecraft:cooked_mutton":4,"minecraft:glass_pane":112,"minecraft:dark_oak_door":3,"minecraft:spruce_stairs":116,"minecraft:spruce_slab":84,"minecraft:birch_fence_gate":2,"minecraft:stone_pickaxe":1,"minecraft:chest":9,"minecraft:cooked_cod":1,"minecraft:crafting_table":2,"minecraft:spruce_planks":552,"minecraft:wooden_pickaxe":1,"minecraft:birch_planks":256,"minecraft:stone_axe":2,"minecraft:air":0,"minecraft:birch_fence":45,"minecraft:stick":256,"minecraft:stone_slab":36,"minecraft:birch_trapdoor":10,"minecraft:white_bed":1,"minecraft:birch_stairs":112,"minecraft:torch":16}},"DataVersion":3955}