{
  "rpg_series:root": {
    "criteria": {
      "always": "2025-04-25 21:18:06 +0000"
    },
    "done": true
  },
  "minecraft:recipes/decorations/crafting_table": {
    "criteria": {
      "unlock_right_away": "2025-04-25 21:18:06 +0000"
    },
    "done": true
  },
  "tpa:first_join": {
    "criteria": {
      "tick": "2025-04-25 21:18:06 +0000"
    },
    "done": true
  },
  "betternether:root": {
    "criteria": {
      "welcome": "2025-04-25 21:18:07 +0000"
    },
    "done": true
  },
  "betterend:root": {
    "criteria": {
      "welcome": "2025-04-25 21:18:07 +0000"
    },
    "done": true
  },
  "minecraft:adventure/adventuring_time": {
    "criteria": {
      "minecraft:beach": "2025-04-25 21:18:15 +0000",
      "minecraft:forest": "2025-04-25 21:18:07 +0000"
    },
    "done": false
  },
  "minecraft:adventure/root": {
    "criteria": {
      "killed_by_something": "2025-04-25 21:18:40 +0000"
    },
    "done": true
  },
  "aether:recipes/transportation/skyroot_boat": {
    "criteria": {
      "in_water": "2025-04-25 21:19:05 +0000"
    },
    "done": true
  },
  "minecraft:recipes/transportation/cherry_boat": {
    "criteria": {
      "in_water": "2025-04-25 21:19:05 +0000"
    },
    "done": true
  },
  "minecraft:recipes/transportation/bamboo_raft": {
    "criteria": {
      "in_water": "2025-04-25 21:19:05 +0000"
    },
    "done": true
  },
  "eternal_starlight:recipes/transportation/northland_boat": {
    "criteria": {
      "in_water": "2025-04-25 21:19:05 +0000"
    },
    "done": true
  },
  "eternal_starlight:recipes/transportation/torreya_boat": {
    "criteria": {
      "in_water": "2025-04-25 21:19:05 +0000"
    },
    "done": true
  },
  "minecraft:recipes/transportation/acacia_boat": {
    "criteria": {
      "in_water": "2025-04-25 21:19:05 +0000"
    },
    "done": true
  },
  "eternal_starlight:recipes/transportation/lunar_boat": {
    "criteria": {
      "in_water": "2025-04-25 21:19:05 +0000"
    },
    "done": true
  },
  "eternal_starlight:recipes/transportation/scarlet_boat": {
    "criteria": {
      "in_water": "2025-04-25 21:19:05 +0000"
    },
    "done": true
  },
  "eternal_starlight:recipes/transportation/starlight_mangrove_boat": {
    "criteria": {
      "in_water": "2025-04-25 21:19:05 +0000"
    },
    "done": true
  },
  "minecraft:recipes/transportation/jungle_boat": {
    "criteria": {
      "in_water": "2025-04-25 21:19:05 +0000"
    },
    "done": true
  },
  "minecraft:recipes/transportation/spruce_boat": {
    "criteria": {
      "in_water": "2025-04-25 21:19:05 +0000"
    },
    "done": true
  },
  "minecraft:recipes/transportation/birch_boat": {
    "criteria": {
      "in_water": "2025-04-25 21:19:05 +0000"
    },
    "done": true
  },
  "minecraft:recipes/transportation/oak_boat": {
    "criteria": {
      "in_water": "2025-04-25 21:19:05 +0000"
    },
    "done": true
  },
  "minecraft:recipes/transportation/mangrove_boat": {
    "criteria": {
      "in_water": "2025-04-25 21:19:05 +0000"
    },
    "done": true
  },
  "minecraft:recipes/transportation/dark_oak_boat": {
    "criteria": {
      "in_water": "2025-04-25 21:19:05 +0000"
    },
    "done": true
  },
  "DataVersion": 3955
}